name,age,address,department,email,username,password
Mr. Tasha Gulgowski,52,63901 Aufderhar Neck,Toys,Tom37@gmail.com,Carleton90,sMSKEVMGjv2ZHoJ
Ms. Louise Purdy,18,85327 Laurine Shoals,Automotive,Kirk_Walsh@gmail.com,Bulah81,ccAYQY7lUcXTZyx
Minnie Hand,25,38282 Meda Divide,Shoes,Jaclyn29@gmail.com,Hallie10,Zw01xmIAZiPvJOe
Archie Kuhlman,49,06910 Franecki Greens,Home,Julio.Hermann@yahoo.com,Marquise37,E540AEBouLySChJ
Tiffany Schamberger,56,92437 Mozell Dale,Industrial,Janet_Dach@yahoo.com,Melvin.Jones94,GRGeWNCkfCP4DvO
Jeff Lowe,65,980 Ned Alley,Movies,Dakota52@gmail.com,Anne_Fay63,DDCMZCO_J5G9JoV
Gregg Kuhn,40,811 Shanie Throughway,Health,Yvonne41@yahoo.com,Rogers_Wyman73,9aak3732RDw_y9p
Terrence Flatley,63,230 Raheem Street,Kids,Nannie.King83@yahoo.com,Colten_Halvorson12,jvEeTOc1M5KTddu
Dawn Rutherford,21,636 Bauch Burg,Home,Adrian31@yahoo.com,Ethan_Cartwright,QiA70VsZFp8fyT7
Bob Windler,33,83922 Howard Avenue,Clothing,Nakia_Turcotte66@hotmail.com,Elvie1,YW98LH3JJBPeReM
Gregory Bernhard,57,6914 Jones Ports,Tools,Geo.Huel15@yahoo.com,Joany_Glover,CMYVFBPBHZfs7u1
Angel Schmidt,42,2606 Melba Pines,Kids,Edmund_Huels96@yahoo.com,Keith_Feeney,oGAWf5WwAE1FUau
Nicholas Schaefer,27,534 Marquardt Parkways,Books,Fred.Abbott@hotmail.com,Jaren_Jacobi,pr97n4jVASHkzlP
Stacey Daugherty,39,172 Kohler Turnpike,Baby,Wendell_Simonis@hotmail.com,Glenna.Brown,n2YvD98cEKVyPY7
Mabel Welch,38,616 Murphy Station,Movies,Renee_Ernser50@gmail.com,Oma.Hammes,mRQSftLmbzY2_3t
Tina Osinski,38,4017 O'Keefe Lock,Industrial,Daphnee81@gmail.com,Yvette_Friesen60,Lnf0Jg4vpHYAJnF
Stanley Kerluke,63,309 Rene Crossroad,Shoes,Quinton.Kuvalis@gmail.com,Cassidy.Terry72,znoMBq1AwB4qmgY
Ramiro Langosh,64,86079 Eleazar Mountains,Tools,Jennyfer.Wolf23@yahoo.com,Mekhi.Zieme,laosMmGq_1LqEon
Nellie Hilll,67,968 Cassie Mall,Shoes,Abbigail_Cole@hotmail.com,Tommie.Harber36,naCqvCW_cAKpKk4
Shannon Grimes,46,23450 Paucek Burg,Electronics,Kaylah27@hotmail.com,Curt_Sipes,XQKUQtCkcKKCTsl
Kendra Bednar I,62,44544 Ryan Mall,Home,Demarco23@yahoo.com,Aniyah89,kUN08zw_XkOcef2
Ms. Dorothy Bradtke,54,84746 Sidney Walk,Games,Steve.Lind47@yahoo.com,Rogelio47,yxlVELB4GpYbJcm
Miss Shelley Tremblay,46,6395 Hand Mountains,Movies,Jacinthe98@gmail.com,Rosella_Langosh,Kn3kZRjSRAsiKOZ
Emanuel Smitham,34,58180 O'Connell Forge,Movies,Armand_Strosin91@hotmail.com,Hellen55,aNxZIvjn6UvF9RI
Carla Osinski,48,28376 Otto Via,Outdoors,Quinn_Nitzsche36@hotmail.com,Braeden_Schinner64,LjoHdwEzGQk8VoG
Stacy Johns,63,594 Destany Stream,Industrial,Marlene79@hotmail.com,Rachel.Cassin0,CJxrupJdNbORqwZ
Lee Daniel,54,6475 Spencer Island,Beauty,Bud93@yahoo.com,Jacques24,uM_c4wHAkKtcFGu
Anthony Rosenbaum,39,357 Okuneva Fall,Toys,Abby.Rempel36@hotmail.com,Dena14,rAOhcjvQ359RtAa
Bryant Kling,43,8359 Rahsaan Square,Beauty,Delta.Hickle53@yahoo.com,Luisa84,AcungbPZtKRHMtx
Kurt Fay,35,7509 Ofelia Forge,Home,Mortimer.Mante@hotmail.com,Reid.Bradtke19,c_NGbqufW1BtrZD
Mathew Sporer,22,69491 Marcellus Stravenue,Computers,Estefania_Roberts93@yahoo.com,Doyle_Berge54,l8MbxNGAH6EJxZ0
Ms. Rene Hyatt,19,45731 Gudrun Rest,Movies,Pansy92@gmail.com,Westley32,Vu_bsphAl8XbELS
Marie Heathcote,26,571 Ratke Tunnel,Clothing,Henri_MacGyver80@yahoo.com,Melissa.Goyette89,wbJVKyOx28n0fVZ
Miss Leroy Nicolas,51,618 Haag Road,Tools,Lavina_Cormier23@hotmail.com,Kamryn61,Qk6v7VhfcYkmqQA
Muriel Hessel,28,8003 Moore Plaza,Outdoors,Angela23@yahoo.com,Melisa_Abshire,gZ39j7JGXBcGaT2
Mr. Ismael Rosenbaum,36,82469 Armstrong Crossroad,Sports,Abigayle99@hotmail.com,Michaela_Corwin,9r6G3On38KsoJjY
Guillermo Barrows,18,34204 Kristofer Manors,Sports,Efren.Gusikowski21@hotmail.com,Kaylah84,ise5pYEuX2Noljb
Henrietta Kuhic,19,924 Theresa Point,Jewelery,Gaston.Blick@hotmail.com,Alisha81,iacCmE1rxujuuiy
Jesus Schuppe,52,939 Erdman Pine,Movies,Jayne_Roberts@hotmail.com,Juston_Skiles,yJDF76sWQu6Yrov
Veronica Klocko,26,393 Michale Shoal,Electronics,Carrie.Gaylord@hotmail.com,Twila.Rau,SvrfVr8MSTZGWY_
Dr. Drew Lebsack,23,981 Cruickshank Tunnel,Movies,Cristal_Streich@gmail.com,Delphia.Cummings,lr0aPwEMBqKW90o
Velma Reichel DVM,53,6860 Kirlin Prairie,Toys,Aliya.Hegmann@hotmail.com,Florence_Turcotte,NV13n_jMwIlG8vt
Norman Zulauf,51,81100 Walker Parks,Garden,Hope_Johnston23@gmail.com,Teagan_Kub89,DjWE98oS_Zh1i6Q
Tracey Schmitt,54,828 Hauck Square,Automotive,Dax.Fisher48@gmail.com,Terry_Waelchi77,94QCwVR0c6ujtNS
Marlon Deckow,48,64693 June Mission,Garden,Constantin25@gmail.com,Kiana_Schinner,Ir6cZHHpXBia49g
Debra Gutmann,49,0736 Stroman Extension,Garden,Raphaelle.Legros41@gmail.com,Gunnar36,mPCVMqgif_BqSS4
Dustin Zboncak,21,1461 Trisha Well,Grocery,Margarita.Abshire@hotmail.com,Jake.Kunde81,ryVqMhRxAgvC6Op
Gwen Torp,19,78569 Johnston Greens,Outdoors,Lambert_Russel0@hotmail.com,Joyce_Kunde,pNwGSM9qGBLRywv
Dr. Norman Mertz,56,58015 Schneider Loaf,Baby,Adrain_McCullough@gmail.com,Norene41,rpuluShUeLLlEPi
Camille Kreiger,60,16061 Manley Curve,Games,Dameon.Willms@hotmail.com,Andres.Green,w3xcIWLMHUbUAt_
Katherine Swaniawski,18,3375 Wilkinson Motorway,Outdoors,Sim_Ryan@hotmail.com,Eileen.Hoppe,3xkvRXwBv81B1pi
Marc Bernhard,25,8043 Kling Ville,Grocery,Lloyd_Hand84@hotmail.com,Tressa.Grant0,dKxnh5SC9GExESq
Miss Tom O'Reilly,41,7960 Avis Lock,Health,Lesly.Cruickshank78@hotmail.com,Viva.Bradtke,1A2qzX5kFL9QPHr
Angel Bosco,26,867 Von Squares,Grocery,Marc.Wiegand@hotmail.com,Mathilde25,s3dzVW13tYB3CzA
Richard Koss,37,1576 Zion Loaf,Grocery,Claudia34@hotmail.com,Dawson.Graham62,cYcl_PusvkNepHk
Craig Hammes,32,49608 Daniel Forest,Games,Madyson82@yahoo.com,Ida8,McZHJSOqlKejGux
Terrance Hoeger,62,212 Bernier Mill,Shoes,Nicola80@yahoo.com,Minerva_Kovacek,BRTgXZmbnALQH3r
Louise Marquardt Jr.,34,313 Ernser Islands,Computers,Kasey.Blanda@hotmail.com,Violette_Hane,uKy12vwqqG6FSC6
Carmen Swift,54,4136 Bernadine Plains,Games,Miller.Kuhn@hotmail.com,Jamey.Considine,q35HQNIjBaNWMBU
Faith Veum,68,55068 Yundt Points,Garden,Glen86@gmail.com,Heather95,idrXUQUvWbjkRx7
Sergio Schuppe,60,116 Stanton Greens,Jewelery,Llewellyn.Emard@hotmail.com,Mauricio_Denesik67,_SzRVD8GgaIBOE9
Brad Runolfsdottir,53,74882 Zboncak Meadow,Books,Dahlia47@hotmail.com,Rafael.Gislason,QGjstFbmreN7c0W
Lorene Jast V,19,8859 Fanny Rapid,Automotive,Zoila.Champlin@yahoo.com,Gregoria.Hintz18,aKMG4rGmKixdhXU
Francis Sanford,38,233 Schowalter Keys,Jewelery,Clotilde_Renner38@hotmail.com,Terence26,kzZMRYVxqVExP6Q
Ms. Moses Koch,29,3882 Irving Rue,Music,Danial.Rempel99@yahoo.com,Rodrigo85,ZoboHbVUcW419DB
Damon Wiza,60,00204 Kovacek Springs,Computers,Philip.Kuphal2@hotmail.com,Michelle67,ZQH5T1edOqAzAxm
Miss Javier Predovic,33,616 Zora Village,Industrial,Cyrus.Olson24@gmail.com,Missouri7,gP94hY1bRVm7nSY
Billie Okuneva,70,228 Feest Rapid,Health,Malcolm_Rempel@gmail.com,Sanford.Bechtelar,4EQRb_wVKwl6svW
Danny Hartmann,29,52701 Hand Square,Home,Teagan_Kuhic54@gmail.com,Braden_Williamson49,fIAbkgs9WulaSif
Jimmie Schowalter,54,542 Nader Village,Movies,Alec.Berge@hotmail.com,Cloyd.Olson,MZ5KPLbF4pEWHRM
Fred Altenwerth,20,776 Bergnaum Islands,Beauty,Kamille_Jaskolski@yahoo.com,Arnulfo_Rau97,hvYfkibbWU_kzmc
Melvin Botsford,61,679 Tremblay Shoal,Health,Ismael_Kunze@yahoo.com,Edgar.Goyette30,5c1AdHwuv8aFPNU
Mona Parker,20,435 Paige Corners,Electronics,Cody.Heller@gmail.com,Jamie_Lebsack15,84rzBy6SFxPKceA
Eddie Reynolds,31,52866 Jacobi Way,Toys,Roberta.Schamberger82@gmail.com,Liliana57,yLN_A4oXqHD_OSf
Tom Crona,53,71531 Goodwin Crest,Games,Dortha_Sporer@hotmail.com,Cole.Kautzer6,bRczCvuhPvXN_FJ
Lucy Weissnat,56,411 Adams Squares,Health,Mona.Cole37@gmail.com,Yazmin_Gutkowski6,MH2RiJDBd8T8fDu
Leah Tillman,39,21329 Okuneva Brooks,Computers,Leora71@yahoo.com,Macey.Bruen,y7NQUlHCiYQgeoO
Wilbert Stamm,42,3931 Price Islands,Beauty,Paula_Ryan49@yahoo.com,Dena.Simonis50,QXPC2_vPPM4NY8E
Lela Langworth,54,74123 Orn Junction,Health,Emilio.Macejkovic28@yahoo.com,Marlin_Gislason,2fFd3R6YRHOstWj
Casey Rippin,39,454 Hiram Branch,Garden,Alexandria.OReilly@yahoo.com,Katlyn16,om9Lm5DlMjN7faA
Cathy Veum,26,2469 Simone Unions,Jewelery,Lilla_Barton34@hotmail.com,Marianna.Skiles,wfQ7LQnp3kB2sZZ
Mathew Mitchell,31,5218 Adams Run,Electronics,Dalton24@yahoo.com,Nelle.Mayert60,pth4G7dxaV0VCvT
Roland Bartoletti,36,258 Leone Keys,Clothing,Baby.Mertz61@hotmail.com,Torrance45,kcB5WL3oTx56kAo
Brad Cronin,64,780 Akeem Haven,Garden,Zackery_OConnell@hotmail.com,Maximo99,n7uhAoJozLoCCnB
Virgil Bogan,59,9199 Joyce Lake,Automotive,Kamryn.Lowe@yahoo.com,Jesse42,6AoOMJ9VG1e5B2e
Karl Boehm,37,273 Angelita Valleys,Movies,Trinity_Farrell@yahoo.com,Karen9,OP8HBBKw3PXgHo7
Mabel Wiza,51,05837 Vance Loaf,Sports,Evans42@yahoo.com,Dorthy21,neCsimI4LtARife
Dr. Perry Kutch,33,90389 Beier Dam,Sports,Tia56@yahoo.com,Lance73,REEDBp0hx0TwAzM
Hector Lang,40,9749 Kertzmann View,Sports,Eunice.Kihn@yahoo.com,Carol.Ernser,8R6DsRH27KHHELA
Alonzo McDermott,25,1582 Bernier Skyway,Tools,Esperanza.Oberbrunner@hotmail.com,America_Emard,u9ZC5QL0gJ2YS6f
Ms. Lucas McKenzie,65,6518 Gleason Haven,Books,Zoey_OKeefe@gmail.com,Shawn_Koepp,50MOA2QiVFsDeWd
Jeff Harris III,56,6121 Wade Pass,Grocery,Ana_White@hotmail.com,Demetrius.Hudson,SbcP9i5Bl7T1jyl
Ella Jacobs,65,64444 Webster Mount,Games,Erick_Hermann@yahoo.com,Josianne.Roob,5T4qyHT7nKsaM6W
Colleen Reichel,51,2857 Kunze Brook,Shoes,Jabari31@hotmail.com,Elliott30,KKIl1KjN0AI3DU4
Jerald Farrell,66,26369 Darion Streets,Home,Clovis.Ryan@yahoo.com,Russell64,diY7dYK6dX8gs2H
Ernest Herzog,65,0827 Rohan Keys,Health,Felipa.Kunde23@hotmail.com,Letha_Fritsch,RZOCl05utGTa15f
Elsie Kozey,51,721 Stiedemann Corners,Sports,Casimir_Kilback78@gmail.com,Barney57,6IIe1f4D47l7WfX
Mrs. Adam Moen,37,096 Leannon Loop,Kids,Mason.Willms11@gmail.com,Johanna.Heaney25,Cx3R_teFLCZTU5r
Forrest Howell,46,4767 Renner Mount,Clothing,Otis40@yahoo.com,Vilma44,xJ6Gm0AhWeUAoWT
Alton Boyle V,31,55488 Pauline Cape,Books,Lorenza_Goldner50@hotmail.com,Darien.Hackett64,0SZloViczek6xcW
